Image,Acc,F1,Jaccard,Recall,Precision
image_0,0.945037841796875,0.6253380486790098,0.45490314769975787,0.9425413498471428,0.4678781275536013
